{"cameraMode":{"drawMode":0,"name":"Shaded","section":"Shading Mode"},"sceneLighting":false,"audioPlay":false,"sceneViewState":{"showFog":false,"showMaterialUpdate":false,"showSkybox":false,"showFlares":false,"showImageEffects":false,"showParticleSystems":false},"in2DMode":false,"pivot":{"x":-0.146484375,"y":0.8253173828125,"z":-0.234619140625},"rotation":{"x":0.8913910388946533,"y":0.01098835188895464,"z":-0.45259249210357668,"w":0.02166704647243023},"size":2.408083200454712,"orthographic":true}