{"cameraMode":{"drawMode":0,"name":"Shaded","section":"Shading Mode"},"sceneLighting":false,"audioPlay":false,"sceneViewState":{"showFog":false,"showMaterialUpdate":false,"showSkybox":false,"showFlares":false,"showImageEffects":false,"showParticleSystems":false},"in2DMode":false,"pivot":{"x":5.960464477539063e-8,"y":0.0001691579818725586,"z":5.960464477539063e-8},"rotation":{"x":0.26119735836982729,"y":-0.5909108519554138,"z":0.21035748720169068,"w":0.7337232828140259},"size":1.9930452108383179,"orthographic":true}