{"cameraMode":{"drawMode":0,"name":"Shaded","section":"Shading Mode"},"sceneLighting":false,"audioPlay":false,"sceneViewState":{"showFog":false,"showMaterialUpdate":false,"showSkybox":false,"showFlares":false,"showImageEffects":false,"showParticleSystems":false},"in2DMode":false,"pivot":{"x":-0.001187831163406372,"y":0.0003180205821990967,"z":0.010250598192214966},"rotation":{"x":-0.33540794253349306,"y":0.210026353597641,"z":-0.07697737216949463,"w":-0.9151315093040466},"size":1.7961291074752808,"orthographic":false}