{"cameraMode":{"drawMode":0,"name":"Shaded","section":"Shading Mode"},"sceneLighting":false,"audioPlay":false,"sceneViewState":{"showFog":false,"showMaterialUpdate":false,"showSkybox":false,"showFlares":false,"showImageEffects":false,"showParticleSystems":false},"in2DMode":false,"pivot":{"x":0.2469482421875,"y":0.1264495849609375,"z":0.0999755859375},"rotation":{"x":0.3092866837978363,"y":-0.37760069966316225,"z":0.13543547689914704,"w":0.8622210621833801},"size":1.1666003465652466,"orthographic":true}