{"cameraMode":{"drawMode":0,"name":"Shaded","section":"Shading Mode"},"sceneLighting":false,"audioPlay":false,"sceneViewState":{"showFog":false,"showMaterialUpdate":false,"showSkybox":false,"showFlares":false,"showImageEffects":false,"showParticleSystems":false},"in2DMode":false,"pivot":{"x":-0.830314040184021,"y":1.9455838203430176,"z":-1.2723417282104493},"rotation":{"x":0.053836919367313388,"y":0.9406947493553162,"z":-0.2832776606082916,"w":0.1787639558315277},"size":6.2118682861328129,"orthographic":true}