{"cameraMode":{"drawMode":0,"name":"Shaded","section":"Shading Mode"},"sceneLighting":false,"audioPlay":false,"sceneViewState":{"showFog":false,"showMaterialUpdate":false,"showSkybox":false,"showFlares":false,"showImageEffects":false,"showParticleSystems":false},"in2DMode":false,"pivot":{"x":-0.1647188812494278,"y":1.0471718311309815,"z":-0.3894693851470947},"rotation":{"x":0.1457405835390091,"y":-0.2185847908258438,"z":-0.03304402530193329,"w":-0.9643136262893677},"size":0.7348601222038269,"orthographic":false}