{"cameraMode":{"drawMode":0,"name":"Shaded","section":"Shading Mode"},"sceneLighting":false,"audioPlay":false,"sceneViewState":{"showFog":false,"showMaterialUpdate":false,"showSkybox":false,"showFlares":false,"showImageEffects":false,"showParticleSystems":false},"in2DMode":false,"pivot":{"x":-0.9824561476707459,"y":0.9652200937271118,"z":0.0},"rotation":{"x":0.017443161457777025,"y":0.9819296598434448,"z":-0.14991000294685365,"w":0.11421369761228562},"size":4.530386924743652,"orthographic":false}