{"cameraMode":{"drawMode":0,"name":"Shaded","section":"Shading Mode"},"sceneLighting":false,"audioPlay":false,"sceneViewState":{"showFog":true,"showMaterialUpdate":false,"showSkybox":true,"showFlares":true,"showImageEffects":true,"showParticleSystems":true},"in2DMode":false,"pivot":{"x":-0.1669110506772995,"y":0.23845142126083375,"z":-0.014035359025001526},"rotation":{"x":0.29787227511405947,"y":-0.3128717541694641,"z":0.10402967035770416,"w":0.895857572555542},"size":12.161845207214356,"orthographic":false}